{
	"credit": "Made with Blockbench",
	"textures": {
		"particle": "#texture"
	},
	"elements": [
		{
			"name": "lower_bar",
			"from": [7, 3, 0],
			"to": [9, 5, 6],
			"rotation": {"angle": 0, "axis": "y", "origin": [8, 4, 7]},
			"faces": {
				"north": {"uv": [7, 7, 9, 10], "texture": "#texture", "cullface": "north"},
				"east": {"uv": [0, 7, 9, 10], "texture": "#texture"},
				"west": {"uv": [0, 7, 9, 10], "texture": "#texture"},
				"up": {"uv": [7, 0, 9, 9], "texture": "#texture"},
				"down": {"uv": [7, 0, 9, 9], "texture": "#texture"}
			}
		},
		{
			"name": "topbar",
			"from": [7, 7, 0],
			"to": [9, 10, 6],
			"rotation": {"angle": 0, "axis": "y", "origin": [8, 5, 7]},
			"faces": {
				"north": {"uv": [7, 7, 9, 10], "texture": "#texture", "cullface": "north"},
				"east": {"uv": [0, 7, 9, 10], "texture": "#texture"},
				"west": {"uv": [0, 7, 9, 10], "texture": "#texture"},
				"up": {"uv": [7, 0, 9, 9], "texture": "#texture"},
				"down": {"uv": [7, 0, 9, 9], "texture": "#texture"}
			}
		}
	]
}