{
	"credit": "Made with Blockbench",
	"textures": {
		"particle": "#texture"
	},
	"elements": [
		{
			"name": "Center post",
			"from": [6, 0, 6],
			"to": [10, 16, 10],
			"faces": {
				"north": {"uv": [6, 0, 10, 16], "texture": "#texture"},
				"east": {"uv": [6, 0, 10, 16], "texture": "#texture"},
				"south": {"uv": [6, 0, 10, 16], "texture": "#texture"},
				"west": {"uv": [6, 0, 10, 16], "texture": "#texture"},
				"up": {"uv": [6, 6, 10, 10], "texture": "#texture", "cullface": "up"},
				"down": {"uv": [6, 6, 10, 10], "texture": "#texture", "cullface": "down"}
			}
		},
		{
			"from": [5, 12, 5],
			"to": [11, 15, 11],
			"faces": {
				"north": {"uv": [0, 0, 6, 3], "texture": "#texture"},
				"east": {"uv": [0, 0, 6, 3], "texture": "#texture"},
				"south": {"uv": [0, 0, 6, 3], "texture": "#texture"},
				"west": {"uv": [0, 0, 6, 3], "texture": "#texture"},
				"up": {"uv": [0, 0, 6, 3], "texture": "#texture"},
				"down": {"uv": [0, 0, 6, 3], "texture": "#texture"}
			}
		},
		{
			"from": [5, 0, 5],
			"to": [11, 3, 11],
			"faces": {
				"north": {"uv": [0, 0, 6, 3], "texture": "#texture"},
				"east": {"uv": [0, 0, 6, 3], "texture": "#texture"},
				"south": {"uv": [0, 0, 6, 3], "texture": "#texture"},
				"west": {"uv": [0, 0, 6, 3], "texture": "#texture"},
				"up": {"uv": [0, 0, 6, 3], "texture": "#texture"},
				"down": {"uv": [0, 0, 6, 3], "texture": "#texture"}
			}
		}
	]
}