{
	"credit": "Made with Blockbench",
	"parent": "block/block",
	"textures": {
		"1": "block/lantern_tex",
		"particle": "block/lantern_tex"
	},
	"elements": [
		{
			"from": [5, 1, 5],
			"to": [11, 11, 11],
			"faces": {
				"north": {"uv": [0, 0, 6, 10], "texture": "#1"},
				"east": {"uv": [0, 0, 6, 10], "texture": "#1"},
				"south": {"uv": [0, 0, 6, 10], "texture": "#1"},
				"west": {"uv": [0, 0, 6, 10], "texture": "#1"},
				"up": {"uv": [16, 6, 10, 0], "texture": "#1"},
				"down": {"uv": [16, 0, 10, 6], "texture": "#1"}
			}
		},
		{
			"from": [8, 11, 6.5],
			"to": [8, 16, 9.5],
			"rotation": {"angle": 45, "axis": "y", "origin": [8, 8, 8]},
			"faces": {
				"east": {"uv": [7, 0, 10, 5], "texture": "#1"},
				"west": {"uv": [7, 0, 10, 5], "texture": "#1"}
			}
		},
		{
			"from": [8, 13, 6.5],
			"to": [8, 18, 9.5],
			"rotation": {"angle": -45, "axis": "y", "origin": [8, 8, 8]},
			"faces": {
				"east": {"uv": [7, 0, 10, 5], "texture": "#1"},
				"west": {"uv": [7, 0, 10, 5], "texture": "#1"}
			}
		},
		{
			"from": [5, 1, 5],
			"to": [5, 11, 11],
			"faces": {
				"north": {"uv": [0, 0, 0, 10], "texture": "#missing"},
				"east": {"uv": [0, 0, 6, 10], "texture": "#1"},
				"south": {"uv": [0, 0, 6, 10], "texture": "#1"},
				"west": {"uv": [0, 0, 6, 10], "texture": "#1"},
				"up": {"uv": [0, 0, 0, 6], "texture": "#missing"},
				"down": {"uv": [0, 0, 0, 6], "texture": "#missing"}
			}
		},
		{
			"from": [10, 1, 5],
			"to": [10, 11, 11],
			"faces": {
				"north": {"uv": [0, 0, 0, 10], "texture": "#missing"},
				"east": {"uv": [0, 0, 6, 10], "texture": "#1"},
				"south": {"uv": [0, 0, 6, 10], "texture": "#1"},
				"west": {"uv": [0, 0, 6, 10], "texture": "#1"},
				"up": {"uv": [0, 0, 0, 6], "texture": "#missing"},
				"down": {"uv": [0, 0, 0, 6], "texture": "#missing"}
			}
		},
		{
			"from": [5, 1, 5],
			"to": [11, 11, 5],
			"faces": {
				"north": {"uv": [0, 0, 6, 10], "texture": "#1"},
				"east": {"uv": [0, 0, 6, 10], "texture": "#1"},
				"south": {"uv": [0, 0, 6, 10], "texture": "#1"},
				"west": {"uv": [0, 0, 6, 10], "texture": "#1"},
				"up": {"uv": [0, 0, 0, 6], "texture": "#missing"},
				"down": {"uv": [0, 0, 0, 6], "texture": "#missing"}
			}
		},
		{
			"from": [5, 1, 11],
			"to": [11, 11, 11],
			"faces": {
				"north": {"uv": [0, 0, 6, 10], "texture": "#1"},
				"east": {"uv": [0, 0, 6, 10], "texture": "#1"},
				"south": {"uv": [0, 0, 6, 10], "texture": "#1"},
				"west": {"uv": [0, 0, 6, 10], "texture": "#1"},
				"up": {"uv": [0, 0, 0, 6], "texture": "#missing"},
				"down": {"uv": [0, 0, 0, 6], "texture": "#missing"}
			}
		},
		{
			"from": [5, 2, 5],
			"to": [11, 2, 11],
			"faces": {
				"north": {"uv": [0, 0, 6, 0], "texture": "#missing"},
				"east": {"uv": [0, 0, 6, 0], "texture": "#missing"},
				"south": {"uv": [0, 0, 6, 0], "texture": "#missing"},
				"west": {"uv": [0, 0, 6, 0], "texture": "#missing"},
				"up": {"uv": [10, 0, 16, 6], "texture": "#1"},
				"down": {"uv": [0, 0, 6, 6], "texture": "#missing"}
			}
		},
		{
			"from": [5, 10, 5],
			"to": [11, 10, 11],
			"faces": {
				"north": {"uv": [0, 0, 6, 0], "texture": "#missing"},
				"east": {"uv": [0, 0, 6, 0], "texture": "#missing"},
				"south": {"uv": [0, 0, 6, 0], "texture": "#missing"},
				"west": {"uv": [0, 0, 6, 0], "texture": "#missing"},
				"up": {"uv": [10, 0, 16, 6], "texture": "#1"},
				"down": {"uv": [10, 0, 16, 6], "texture": "#1"}
			}
		},
		{
			"from": [7, 2, 7],
			"to": [9, 4, 9],
			"faces": {
				"north": {"uv": [14, 7, 16, 9], "texture": "#1"},
				"east": {"uv": [14, 7, 16, 9], "texture": "#1"},
				"south": {"uv": [14, 7, 16, 9], "texture": "#1"},
				"west": {"uv": [14, 7, 16, 9], "texture": "#1"},
				"up": {"uv": [14, 7, 16, 9], "texture": "#1"},
				"down": {"uv": [14, 7, 16, 9], "texture": "#1"}
			}
		}
	],
	"groups": [0, 1, 2,
		{
			"name": "insides",
			"origin": [8, 8, 8],
			"children": [3, 4, 5, 6, 7, 8, 9]
		}
	]
}