{
    "__comment": "Model generated using MrCrayfish's Model Creator (http://mrcrayfish.com/modelcreator/)",
"ambientocclusion": false,
    "textures": {
        "particle": "blocks/block/ladder",
        "0": "block/ladder"
    },
    "elements": [
        {
            "name": "Element",
            "from": [ 0.0, 0.0, 15.2 ], 
            "to": [ 16.0, 16.0, 15.2 ], 
            "shade": false,
            "faces": {
                "north": { "texture": "#0", "uv": [ 0.0, 0.0, 16.0, 16.0 ] },
                "east": { "texture": "#0", "uv": [ 0.0, 0.0, 0.0, 16.0 ] },
                "south": { "texture": "#0", "uv": [ 0.0, 0.0, 16.0, 16.0 ] }
            }
        },
        {
            "name": "Cube",
            "from": [ 2.0, 1.0, 15.0 ], 
            "to": [ 14.0, 3.0, 16.0 ], 
            "faces": {
                "north": { "texture": "#0", "uv": [ 2.0, 1.0, 14.0, 3.0 ] },
                "east": { "texture": "#0", "uv": [ 9.0, 1.0, 10.0, 3.0 ] },
                "south": { "texture": "#0", "uv": [ 2.0, 1.0, 14.0, 3.0 ] },
                "west": { "texture": "#0", "uv": [ 9.0, 1.0, 10.0, 3.0 ] },
                "up": { "texture": "#0", "uv": [ 2.0, 1.0, 14.0, 2.0 ] },
                "down": { "texture": "#0", "uv": [ 2.0, 1.0, 14.0, 2.0 ] }
            }
        },
        {
            "name": "Cube",
            "from": [ 2.0, 5.0, 15.0 ], 
            "to": [ 14.0, 7.0, 16.0 ], 
            "faces": {
                "north": { "texture": "#0", "uv": [ 2.0, 1.0, 14.0, 3.0 ] },
                "east": { "texture": "#0", "uv": [ 9.0, 1.0, 10.0, 3.0 ] },
                "south": { "texture": "#0", "uv": [ 2.0, 1.0, 14.0, 3.0 ] },
                "west": { "texture": "#0", "uv": [ 9.0, 1.0, 10.0, 3.0 ] },
                "up": { "texture": "#0", "uv": [ 2.0, 1.0, 14.0, 2.0 ] },
                "down": { "texture": "#0", "uv": [ 2.0, 1.0, 14.0, 2.0 ] }
            }
        },
        {
            "name": "Cube",
            "from": [ 2.0, 9.0, 15.0 ], 
            "to": [ 14.0, 11.0, 16.0 ], 
            "faces": {
                "north": { "texture": "#0", "uv": [ 2.0, 1.0, 14.0, 3.0 ] },
                "east": { "texture": "#0", "uv": [ 9.0, 1.0, 10.0, 3.0 ] },
                "south": { "texture": "#0", "uv": [ 2.0, 1.0, 14.0, 3.0 ] },
                "west": { "texture": "#0", "uv": [ 9.0, 1.0, 10.0, 3.0 ] },
                "up": { "texture": "#0", "uv": [ 2.0, 1.0, 14.0, 2.0 ] },
                "down": { "texture": "#0", "uv": [ 2.0, 1.0, 14.0, 2.0 ] }
            }
        },
        {
            "name": "Cube",
            "from": [ 2.0, 13.0, 15.0 ], 
            "to": [ 14.0, 15.0, 16.0 ], 
            "faces": {
                "north": { "texture": "#0", "uv": [ 2.0, 1.0, 14.0, 3.0 ] },
                "east": { "texture": "#0", "uv": [ 9.0, 1.0, 10.0, 3.0 ] },
                "south": { "texture": "#0", "uv": [ 2.0, 1.0, 14.0, 3.0 ] },
                "west": { "texture": "#0", "uv": [ 9.0, 1.0, 10.0, 3.0 ] },
                "up": { "texture": "#0", "uv": [ 2.0, 1.0, 14.0, 2.0 ] },
                "down": { "texture": "#0", "uv": [ 2.0, 1.0, 14.0, 2.0 ] }
            }
        }
    ]
}