{
	"credit": "Made with Blockbench",
	"parent": "block/block",
	"textures": {
		"1": "block/lantern_tex"
	},
	"elements": [
		{
			"from": [5, 0, 5],
			"to": [11, 10, 11],
			"faces": {
				"north": {"uv": [0, 0, 6, 10], "texture": "#1"},
				"east": {"uv": [0, 0, 6, 10], "texture": "#1"},
				"south": {"uv": [0, 0, 6, 10], "texture": "#1"},
				"west": {"uv": [0, 0, 6, 10], "texture": "#1"},
				"up": {"uv": [10, 0, 16, 6], "texture": "#1"},
				"down": {"uv": [10, 0, 16, 6], "texture": "#1"}
			}
		},
		{
			"from": [6.5, 9, 8],
			"to": [9.5, 11, 8],
			"shade": false,
			"rotation": {"angle": 45, "axis": "y", "origin": [8, 8, 8]},
			"faces": {
				"north": {"uv": [10, 0, 16, 4], "texture": "#1"},
				"south": {"uv": [10, 0, 16, 4], "texture": "#1"}
			}
		},
		{
			"from": [8, 9, 6.5],
			"to": [8, 11, 9.5],
			"shade": false,
			"rotation": {"angle": 45, "axis": "y", "origin": [8, 8, 8]},
			"faces": {
				"east": {"uv": [10, 0, 15, 4], "texture": "#1"},
				"west": {"uv": [10, 0, 16, 4], "texture": "#1"}
			}
		},
		{
			"from": [5, 0, 5],
			"to": [5, 10, 11],
			"faces": {
				"north": {"uv": [0, 0, 0, 10], "texture": "#missing"},
				"east": {"uv": [0, 0, 6, 10], "texture": "#1"},
				"south": {"uv": [0, 0, 0, 10], "texture": "#missing"},
				"west": {"uv": [0, 0, 6, 10], "texture": "#1"},
				"up": {"uv": [0, 0, 0, 6], "texture": "#missing"},
				"down": {"uv": [0, 0, 0, 6], "texture": "#missing"}
			}
		},
		{
			"from": [11, 0, 5],
			"to": [11, 10, 11],
			"faces": {
				"north": {"uv": [0, 0, 0, 10], "texture": "#missing"},
				"east": {"uv": [0, 0, 6, 10], "texture": "#1"},
				"south": {"uv": [0, 0, 0, 10], "texture": "#missing"},
				"west": {"uv": [0, 0, 6, 10], "texture": "#1"},
				"up": {"uv": [0, 0, 0, 6], "texture": "#missing"},
				"down": {"uv": [0, 0, 0, 6], "texture": "#missing"}
			}
		},
		{
			"from": [5, 0, 5],
			"to": [11, 10, 5],
			"faces": {
				"north": {"uv": [0, 0, 6, 10], "texture": "#1"},
				"east": {"uv": [0, 0, 0, 10], "texture": "#missing"},
				"south": {"uv": [0, 0, 6, 10], "texture": "#1"},
				"west": {"uv": [0, 0, 0, 10], "texture": "#missing"},
				"up": {"uv": [0, 0, 6, 0], "texture": "#missing"},
				"down": {"uv": [0, 0, 6, 0], "texture": "#missing"}
			}
		},
		{
			"from": [5, 0, 11],
			"to": [11, 10, 11],
			"faces": {
				"north": {"uv": [0, 0, 6, 10], "texture": "#1"},
				"east": {"uv": [0, 0, 0, 10], "texture": "#missing"},
				"south": {"uv": [0, 0, 6, 10], "texture": "#1"},
				"west": {"uv": [0, 0, 0, 10], "texture": "#missing"},
				"up": {"uv": [0, 0, 6, 0], "texture": "#missing"},
				"down": {"uv": [0, 0, 6, 0], "texture": "#missing"}
			}
		},
		{
			"from": [5, 1, 5],
			"to": [11, 1, 11],
			"faces": {
				"east": {"uv": [0, 0, 6, 0], "texture": "#missing"},
				"south": {"uv": [0, 0, 6, 0], "texture": "#missing"},
				"west": {"uv": [0, 0, 6, 0], "texture": "#missing"},
				"up": {"uv": [10, 0, 16, 6], "texture": "#1"},
				"down": {"uv": [10, 0, 16, 6], "texture": "#1"}
			}
		},
		{
			"from": [5, 9, 5],
			"to": [11, 9, 11],
			"faces": {
				"east": {"uv": [0, 0, 6, 0], "texture": "#missing"},
				"south": {"uv": [0, 0, 6, 0], "texture": "#missing"},
				"west": {"uv": [0, 0, 6, 0], "texture": "#missing"},
				"up": {"uv": [10, 0, 16, 6], "texture": "#1"},
				"down": {"uv": [10, 0, 16, 6], "texture": "#1"}
			}
		},
		{
			"from": [7, 1, 7],
			"to": [9, 3, 9],
			"faces": {
				"north": {"uv": [14, 7, 16, 9], "texture": "#1"},
				"east": {"uv": [14, 7, 16, 9], "texture": "#1"},
				"south": {"uv": [14, 7, 16, 9], "texture": "#1"},
				"west": {"uv": [14, 7, 16, 9], "texture": "#1"},
				"up": {"uv": [14, 7, 16, 9], "texture": "#1"},
				"down": {"uv": [14, 7, 16, 9], "texture": "#1"}
			}
		}
	],
	"groups": [0, 1, 2,
		{
			"name": "lanterbnase",
			"origin": [8, 8, 8],
			"children": [3, 4, 5, 6, 7, 8, 9]
		}
	]
}