{
	"credit": "Made with Blockbench",
	"ambientocclusion": false,
	"textures": {
		"0": "block/lily_pad",
		"1": "block/lily_pad_flower"
	},
	"elements": [
		{
			"name": "Element",
			"from": [0, 0.25, 0],
			"to": [16, 0.25, 16],
			"faces": {
				"up": {"uv": [16, 0, 0, 16], "texture": "#0"},
				"down": {"uv": [16, 16, 0, 0], "texture": "#0"}
			}
		},
		{
			"name": "Cube",
			"from": [8, 0, 4],
			"to": [8, 6, 12],
			"shade": false,
			"rotation": {"angle": 45, "axis": "y", "origin": [8, 8, 8]},
			"faces": {
				"north": {"uv": [0, 0, 0, 4], "texture": "#-1"},
				"east": {"uv": [4, 8, 12, 16], "texture": "#1"},
				"south": {"uv": [0, 0, 0, 4], "texture": "#-1"},
				"west": {"uv": [4, 8, 12, 16], "texture": "#1"},
				"up": {"uv": [0, 0, 0, 8], "texture": "#-1"},
				"down": {"uv": [0, 0, 0, 8], "texture": "#-1"}
			}
		},
		{
			"name": "Cube",
			"from": [8, 0, 4],
			"to": [8, 6, 12],
			"shade": false,
			"rotation": {"angle": -45, "axis": "y", "origin": [8, 8, 8]},
			"faces": {
				"north": {"uv": [0, 0, 0, 4], "texture": "#-1"},
				"east": {"uv": [4, 8, 12, 16], "texture": "#1"},
				"south": {"uv": [0, 0, 0, 4], "texture": "#-1"},
				"west": {"uv": [4, 8, 12, 16], "texture": "#1"},
				"up": {"uv": [0, 0, 0, 8], "texture": "#-1"},
				"down": {"uv": [0, 0, 0, 8], "texture": "#-1"}
			}
		}
	]
}