{
	"credit": "Made with Blockbench",
	"textures": {
		"particle": "#wall"
	},
	"elements": [
		{
			"name": "wall",
			"from": [5, 0, 0],
			"to": [11, 14, 8],
			"faces": {
				"north": {"uv": [5, 2, 11, 16], "texture": "#wall", "cullface": "north"},
				"east": {"uv": [8, 2, 16, 16], "texture": "#wall"},
				"west": {"uv": [0, 2, 8, 16], "texture": "#wall"},
				"up": {"uv": [5, 0, 11, 8], "texture": "#wall"},
				"down": {"uv": [5, 8, 11, 16], "texture": "#wall", "cullface": "down"}
			}
		},
		{
			"name": "wall",
			"from": [4, 8, 1],
			"to": [12, 11, 5],
			"faces": {
				"north": {"uv": [4, 5, 12, 8], "texture": "#wall", "cullface": "north"},
				"east": {"uv": [11, 5, 15, 8], "texture": "#wall"},
				"west": {"uv": [1, 5, 5, 8], "texture": "#wall"},
				"up": {"uv": [4, 1, 12, 5], "texture": "#wall"},
				"down": {"uv": [4, 11, 12, 15], "texture": "#wall", "cullface": "down"}
			}
		},
		{
			"name": "wall",
			"from": [4, 4, 4],
			"to": [12, 6, 6],
			"faces": {
				"north": {"uv": [4, 10, 12, 12], "texture": "#wall", "cullface": "north"},
				"east": {"uv": [10, 10, 12, 12], "texture": "#wall"},
				"west": {"uv": [4, 10, 6, 12], "texture": "#wall"},
				"up": {"uv": [4, 4, 12, 6], "texture": "#wall"},
				"down": {"uv": [4, 10, 12, 12], "texture": "#wall", "cullface": "down"}
			}
		}
	]
}