{
	"credit": "Made with Blockbench",
	"ambientocclusion": false,
	"textures": {
		"1": "block/torch",
		"2": "block/torch_model",
		"particle": "block/torch_model"
	},
	"elements": [
		{
			"from": [3, 4.5, 7],
			"to": [5, 12.5, 9],
			"shade": false,
			"rotation": {"angle": 0, "axis": "z", "origin": [5, 5.5, 9]},
			"faces": {
				"north": {"uv": [8, 0, 16, 16], "texture": "#2"},
				"east": {"uv": [8, 0, 16, 16], "texture": "#2"},
				"south": {"uv": [8, 0, 16, 16], "texture": "#2"},
				"west": {"uv": [8, 0, 16, 16], "texture": "#2"},
				"up": {"uv": [8, 0, 12, 4], "texture": "#2"},
				"down": {"uv": [6, 6, 10, 16], "texture": "#1"}
			}
		},
		{
			"from": [0, 4, 6],
			"to": [6, 5, 10],
			"rotation": {"angle": 0, "axis": "y", "origin": [8, 12, 14]},
			"faces": {
				"north": {"uv": [0, 0, 8, 4], "texture": "#2"},
				"east": {"uv": [0, 0, 8, 4], "texture": "#2"},
				"south": {"uv": [0, 0, 8, 4], "texture": "#2"},
				"west": {"uv": [0, 0, 8, 4], "texture": "#2"},
				"up": {"uv": [0, 0, 8, 1], "texture": "#2"},
				"down": {"uv": [0, 3, 8, 4], "texture": "#2"}
			}
		},
		{
			"from": [0, 1, 9],
			"to": [2, 5, 9],
			"rotation": {"angle": 0, "axis": "y", "origin": [8, 9, 17]},
			"faces": {
				"north": {"uv": [6, 10, 0, 16], "texture": "#2"},
				"east": {"uv": [0, 0, 0, 4], "texture": "#missing"},
				"south": {"uv": [0, 10, 6, 16], "texture": "#2"},
				"west": {"uv": [0, 0, 0, 4], "texture": "#missing"},
				"up": {"uv": [0, 0, 2, 0], "texture": "#missing"},
				"down": {"uv": [0, 0, 2, 0], "texture": "#missing"}
			}
		},
		{
			"from": [0, 1, 7],
			"to": [2, 5, 7],
			"rotation": {"angle": 0, "axis": "y", "origin": [8, 9, 15]},
			"faces": {
				"north": {"uv": [6, 10, 0, 16], "texture": "#2"},
				"east": {"uv": [0, 0, 0, 4], "texture": "#missing"},
				"south": {"uv": [0, 10, 6, 16], "texture": "#2"},
				"west": {"uv": [0, 0, 0, 4], "texture": "#missing"},
				"up": {"uv": [0, 0, 2, 0], "texture": "#missing"},
				"down": {"uv": [0, 0, 2, 0], "texture": "#missing"}
			}
		}
	]
}